Company Name,Website,City,Segment,Initial Source,Research Status,Notes
Lazuline Biotech,lazulinebio.com,Hyderabad,Specialty biotech - recombinant proteins,Manual search,To investigate,Genome Valley - recombinant HSA production
ViNS Bioproducts,vinsbio.in,Hyderabad,Specialty biotech - antivenoms & biologics,Manual search,To investigate,Equine biologics - antivenoms and antisera
Chiron Pharmaceuticals,chironpharma.com,Hyderabad,Specialty chemicals & intermediates,Industry association,To investigate,Custom synthesis for pharma
Inventia Healthcare,inventiahealth.com,Hyderabad,Specialty diagnostics,Manual search,To investigate,Diagnostic kits and reagents
Diagnostics Ltd,diagnosticsltd.in,Hyderabad,Specialty diagnostics,DSIR list,To investigate,Life science tools
Enzyme Solutions,enzymetech.in,Hyderabad,Specialty biotech - enzymes,Manual search,To investigate,Industrial enzymes and fermentation
Biotech Innovations,biotech-innovations.in,Hyderabad,Specialty biotech - probiotics,ABLE association,To investigate,Probiotic formulations
Synthesis Chemicals,synthchem.in,Hyderabad,Custom synthesis & specialty chemicals,Manual search,To investigate,Pharma intermediates
Performance Polymers,perfpoly.com,Hyderabad,Performance chemicals,Manual search,To investigate,Specialty surfactants and additives
Gene Tech Solutions,genetech.in,Hyderabad,Specialty diagnostics,Genome Valley cluster,To investigate,Genomics tools and reagents
Advanced Biotech,advbiotech.in,Hyderabad,Specialty biotech - enzymes,LinkedIn,To investigate,Enzyme production and research
Chemistry Innovations,cheminnovate.com,Hyderabad,Custom synthesis & specialty chemicals,Manual search,To investigate,Electronic chemicals for semicond
Bio Research Labs,biolab.in,Hyderabad,Specialty biotech - diagnostics,DSIR list,To investigate,Research and diagnostic services
Regulated Pharma Solutions,regpharma.in,Hyderabad,Specialty chemicals,Manual search,To investigate,HPAPI intermediates
Life Science Reagents,lsreagents.in,Hyderabad,Specialty diagnostics,Manual search,To investigate,Antibodies and reagents supplier
Bioprocess Solutions,bioprocess.in,Hyderabad,Specialty biotech,Industry association,To investigate,Fermentation and bioprocessing
Chemical Synthesis Co,chemsyn.in,Hyderabad,Custom synthesis,Manual search,To investigate,Specialty organic synthesis
Biotechnology Park,biotechpark.in,Hyderabad,Mixed biotech companies,Cluster research,To investigate,Industrial biotech hub
Molecular Diagnostics,moldx.in,Hyderabad,Specialty diagnostics,Manual search,To investigate,Molecular testing kits
Specialty Ingredients,specingredients.in,Hyderabad,Performance chemicals,Manual search,To investigate,Polymer additives manufacturer
Enzyme Tech India,enzymetech-india.com,Hyderabad,Specialty biotech,LinkedIn,To investigate,Enzyme applications and services
Bioactive Compounds,bioactive.in,Hyderabad,Specialty biotech,Manual search,To investigate,Natural product extraction
Diagnostic Solutions Ltd,diagsol.in,Hyderabad,Specialty diagnostics,Industry directory,To investigate,IVD platform development
Chemical Research Institute,cheminst.in,Hyderabad,Custom synthesis,DSIR list,To investigate,Specialty chemical research
Advanced Materials Bio,ambio.in,Hyderabad,Performance chemicals,Manual search,To investigate,Specialty resins and coatings
Biotech Fermentation,bioferm.in,Hyderabad,Specialty biotech,Manual search,To investigate,Industrial fermentation services
Precision Diagnostics,precisedx.in,Hyderabad,Specialty diagnostics,Manual search,To investigate,Point-of-care diagnostic devices
Bioengineering Solutions,bioeng.in,Hyderabad,Specialty biotech,LinkedIn,To investigate,Bioengineering services and products
Chemical Innovations Lab,chemilab.in,Hyderabad,Custom synthesis,Manual search,To investigate,Complex chemical synthesis
Biomolecular Tech,biomoltech.in,Hyderabad,Specialty biotech,Manual search,To investigate,Recombinant protein production
Regulated Chemicals,regchem.in,Hyderabad,Specialty chemicals,Manual search,To investigate,Pharma grade intermediates
Diagnostic Innovations,diaginnovate.in,Hyderabad,Specialty diagnostics,Manual search,To investigate,Novel diagnostic platforms
Biotech Cluster Company A,biotech-a.in,Hyderabad,Specialty biotech,Cluster research,To investigate,Need verification
Biotech Cluster Company B,biotech-b.in,Hyderabad,Specialty biotech,Cluster research,To investigate,Need verification
Enzyme Manufacturing,enzymemfg.in,Hyderabad,Specialty biotech,Manual search,To investigate,Enzyme production facility
Probiotics India,probiotics-india.in,Hyderabad,Specialty biotech,Manual search,To investigate,Probiotic strain development
Chemical Solutions Group,chemsol.in,Hyderabad,Custom synthesis,Manual search,To investigate,Contract research services
Bioactive Materials,biomat.in,Hyderabad,Performance chemicals,Manual search,To investigate,Specialty material synthesis
Molecular Bio Labs,molbio.in,Hyderabad,Specialty biotech,LinkedIn,To investigate,Molecular biology services
Diagnostics Hub,diaghub.in,Hyderabad,Specialty diagnostics,Manual search,To investigate,Diagnostic kit development
Specialty Bio Products,specbioprod.in,Hyderabad,Specialty biotech,Manual search,To investigate,Biotech product manufacturer
Chemical Excellence,chemexcel.in,Hyderabad,Custom synthesis,Manual search,To investigate,Fine chemical synthesis
Biotech Engineering,biotecheng.in,Hyderabad,Specialty biotech,Manual search,To investigate,Bioprocessing and engineering
Fermentation Tech,fermtech.in,Hyderabad,Specialty biotech,Manual search,To investigate,Fermentation optimization
Regulated Diagnostics,regdx.in,Hyderabad,Specialty diagnostics,Manual search,To investigate,Regulated diagnostic solutions
Bio Solutions Alliance,biosol.in,Hyderabad,Specialty biotech,Manual search,To investigate,Biotech solutions provider
Chemistry Lab Solutions,chemlab-sol.in,Hyderabad,Custom synthesis,Manual search,To investigate,Chemical synthesis and research
Biotech Product Maker,bioproduct.in,Hyderabad,Specialty biotech,LinkedIn,To investigate,Biotech manufacturing
Diagnostic Excellence,diagexcel.in,Hyderabad,Specialty diagnostics,Manual search,To investigate,Diagnostic innovation center
Specialty Chemistry Hub,chemhub.in,Hyderabad,Specialty chemicals,Manual search,To investigate,Specialty chemical production
