Company Name,Website,City / Location,Segment,What They Make,Revenue Band,Decision Maker Name,DM Title,DM Background,C1 Manufacturer (Score),C1 Evidence,C2 India-based (Score),C2 Evidence,C3 Differentiated (Score),C3 Evidence,C4 Technical DM (Score),C4 Evidence,C5 Tailwind (Score),C5 Evidence,C6 Growth Signals (Score),C6 Evidence,Overall Verdict,Verdict Reasoning,Personalization Hook,Key Evidence Sources
ViNS Bioproducts Limited,vinsbio.in,"Hyderabad, Telangana",Specialty Biotech – Antivenoms & Immunobiologicals,"Polyvalent snakebite antivenoms, scorpion antisera, rabies immunoglobulins, tetanus antitoxins — equine-derived immunoglobulins; supplies to 110+ countries",Rs.100-300Cr,Siddarth Daga,Founder & MD,"Founded 1997; built equine biologics from scratch; hands-on promoter; non-PE controlled",Strong,"PIC/S-approved and WHO-GMP manufacturing facility in Hyderabad; 150-acre equine farm with 2000+ horses for plasma sourcing — clear in-house biological manufacturing operation",Strong,"Headquarters and manufacturing in Hyderabad, Telangana; all operations India-based",Strong,"WHO-qualified supplier; PIC/S GMP-approved facility; exports to 110+ countries across Asia, Africa, Latin America, Middle East, Europe; one of very few Indian equine biologics manufacturers",Strong,"Siddarth Daga founded and runs the company since 1997; built equine biologics infrastructure personally; no institutional investor control",Strong,"WHO declared snakebite a Neglected Tropical Disease — global demand rising; UNICEF and PAHO procurement validates international quality; India pharma export tailwind",Strong,"Revenue grew to Rs.210Cr (FY25) from ~Rs.180Cr (FY24); expanding equine farm capacity; multiple WHO/UNICEF supply contracts renewed 2024",Strong Fit,"Textbook Federer. Promoter-driven since 1997, deep technical moat in equine biologics, WHO-qualified, 110-country export footprint, actively growing revenue","ViNS is one of only 2-3 Indian companies supplying WHO-prequalified antivenoms globally — a qualification almost impossible to replicate and which drives contracts with UNICEF and 110 countries","vinsbio.in; lpmhealthcare.com; cphi-online.com; icra.in rating note; biovoicenews.com"
Unique Biotech Limited,uniquebiotech.com,"Genome Valley, Hyderabad","Specialty Biotech – Probiotics, Fermentation","Clinically-proven probiotic strains: Bacillus coagulans IS-2®, Bacillus clausii UBBC-07®, Saccharomyces boulardii UNIQUE-28; finished pharma, nutraceutical, animal health and food-beverage formulations",Rs.100-300Cr,Dr. Ratna Sudha Madempudi,Founder & Director,"PhD-level scientist-founder; fermentation biologist; built company from 1999; 25+ years technical leadership",Strong,"WHO-GMP-certified manufacturing facility in Genome Valley, Hyderabad; full fermentation operation: strain isolation → GMP production → finished formulations",Strong,"HQ and manufacturing in Genome Valley, Hyderabad, Telangana",Strong,"30+ clinical publications supporting proprietary strains; registered trademarks (IS-2®, UBBC-07®); GMP-certified; global supply to US, Europe, SE Asia; one of world's largest probiotic manufacturers",Strong,"Dr. Ratna Sudha Madempudi is a scientist-founder who built the R&D and manufacturing; published researcher; technical leadership is the company's identity",Strong,"India's probiotic market growing at 14% CAGR; PLI Scheme for pharma; global gut health trend; export demand from US and European nutraceutical markets growing",Strong,"Website updated June 10, 2026 (confirmed from HTML metadata). New gummies product line launched 2025. Active blog, research publications, and hiring visible",Strong Fit,"Scientist-founder with PhD, proprietary trademarked strain portfolio, active clinical research, and growing export business — clear Federer","Unique Biotech's website was updated June 10, 2026 — they launched a new gummies probiotic product line in 2025, extending from pharma into consumer health: a live signal of active product innovation","uniquebiotech.com; tracxn.com; tofler.in; pharmasource.global"
Sainor Laboratories Pvt Ltd,sainorlaboratories.com,"Bollaram, Hyderabad","Custom Synthesis & Specialty Chemicals – Organometallics","n-Butyl lithium, Grignard reagents, organolithium compounds, borane reagents, zinc chemistry compounds; frontier organometallic chemistry for pharma API synthesis",Rs.100-300Cr,Anjaneya Pattabhi Rameswara Rao Chandana,Managing Director,"Founded by team of technocrats with chemical engineering and API manufacturing expertise since 2004",Strong,"Manufacturing facility in Bollaram, Hyderabad; dedicated organolithium and Grignard reagent plants — highly specialized capital-intensive chemical manufacturing",Strong,"Manufacturing and HQ in Hyderabad, Telangana",Strong,"India's leading manufacturer of n-Butyl lithium and Grignard reagents — a capability almost entirely imported by Indian pharma companies; frontier organometallic chemistry; ICRA-rated",Strong,"Founded by team of technocrats with chemical engineering domain expertise. Managing Director has technical background per company documentation",Strong,"Pharma intermediates sector benefits from China+1 strategy; organometallics are critical enablers for complex API synthesis; PLI pharma scheme",Moderate,"Revenue Rs.100-300Cr range (ICRA-rated); revenue dipped in FY24 due to global lithium price correction (cyclical, not structural); operations continuing; ICRA rating maintained",Fit,"India's frontrunner in organometallic chemistry for pharma. Technical founders. Revenue temporarily compressed by raw material pricing cycle but operational moat is intact","Sainor is one of India's only commercial-scale manufacturers of n-Butyl Lithium — a reagent that almost every API manufacturer in India has to currently import from overseas at 3-5x the cost","sainorlaboratories.com; icra.in ICRA rating report; cphi-online.com; tracxn.com"
Chemveda Life Sciences Pvt Ltd,chemvedals.com,"Nacharam & Gajularamaram, Hyderabad","Custom Synthesis & Specialty Chemicals – CDMO","Multi-step complex organic synthesis: PROTACs, ADC linkers, peptide intermediates, nucleoside analogs, OLED chemicals, medicinal chemistry services for global pharma innovators",Rs.100-300Cr,Dr. Bheema Rao Paraselli,Founder & CEO,"PhD in organic chemistry; founded Chemveda 2008; 17+ years building research-led CDMO",Strong,"Multiple GMP manufacturing facilities in Hyderabad; lab-scale to pilot-scale production; in-house synthesis from milligram to kilogram; 17 years operating",Strong,"HQ and manufacturing in Hyderabad, Telangana; US offices in San Diego and Boston for client-facing (manufacturing India-based)",Strong,"PROTAC synthesis, ADC linker chemistry, peptide intermediates — hottest new drug modalities globally; serves innovator pharma for NCE programs; few Indian companies can execute these chemistries",Strong,"Dr. Paraselli is a PhD organic chemist who founded and runs the company; 17 years of technical leadership; building research-led culture",Strong,"Global pharma innovation pipeline booming; China+1 driving CDMO demand toward India; PROTACs and ADC linkers are fastest-growing cancer drug modalities globally",Strong,"Revenue Rs.100-150Cr in FY25; 9% CAGR; US client-facing offices (San Diego + Boston) added; expanding into high-margin modalities",Fit,"PhD-led specialty CDMO solving genuinely hard chemistries. Growing into ADC linkers and PROTACs — technically sophisticated segments that are reshaping cancer drug development","Chemveda is one of a handful of Indian companies capable of ADC linker synthesis — the chemistry behind today's hottest cancer drugs — with US offices in San Diego and Boston to serve innovator pharma directly","chemvedals.com; tracxn.com; tofler.in"
Laxai Life Sciences Pvt Ltd,laxai.com,"Mallapur & Medchal, Hyderabad","Custom Synthesis & Specialty Chemicals – CRDMO","Custom synthesis for pharma, agrochem, OLED materials, specialty polymers, adhesives, flavors & fragrance intermediates; process R&D to GMP commercial scale manufacturing",Rs.100-300Cr,Vamsi Maddipatla,Chairman & MD,"Engineering-chemistry background; first-generation entrepreneur; 15+ years building Laxai without PE until 2022 minority growth-capital investment",Strong,"Manufacturing at Mallapur, Medchal, and Genome Valley, Hyderabad; GMP-compliant; 15+ years of operations; diverse chemistry capabilities",Strong,"All manufacturing in Hyderabad, Telangana",Strong,"Serves OLED (specialty electronic chemicals), agrochemicals, specialty polymers, flavors — diverse niche portfolio; stereoselective synthesis, nitration, bromination capabilities",Strong,"Vamsi Maddipatla is a technical-engineering founder who built the company over 15 years; minority PE investment (2022) did not dilute founder control",Strong,"China+1 beneficiary; OLED specialty chemicals growing with EV/display market; global pharma CDMO shift toward India; diverse sector exposure",Moderate,"Revenue Rs.116Cr in FY25; new CEO Dr. Sripathy Venkatraman appointed August 2025 — professionalizing scale-up; SIGNET Healthcare Partners minority investment for infrastructure expansion",Fit,"Technically capable CRDMO with 15-year track record, diverse specialty chemistry, promoter-retained majority control. New CEO hire in 2025 signals next growth phase","Laxai appointed Dr. Sripathy Venkatraman as CEO in August 2025 to lead its next growth phase — a classic Federer move: founder steps up, brings in professional management without losing control","laxai.com; tracxn.com; indianpharmapost.com; signethealthcarepartners.com"
Synergene Active Ingredients Pvt Ltd,synergeneapi.com,"Bollaram & Pashamylaram, Hyderabad","Custom Synthesis & Specialty Chemicals – Specialty APIs","Specialty APIs and intermediates: antifungal, antidepressant, anti-migraine, antihypertensive therapeutic molecules; process R&D to commercial API manufacturing",Rs.300-500Cr,Nalla Surya Prakash Rao,Chairman & MD,"40+ years hands-on experience in API production, project implementation, scale-up; technical industry veteran; first-generation entrepreneur",Strong,"Manufacturing at Bollaram and Pashamylaram, Hyderabad; long-standing API production since 2005; full process R&D to commercial scale",Strong,"HQ and manufacturing in Hyderabad, Telangana",Strong,"Specializes in complex therapeutic API categories — antifungal, antidepressant, anti-migraine — niche, not commodity generics; 40 years of domain expertise embedded in operations",Strong,"Nalla Surya Prakash Rao has 40+ years in APIs; hands-on founder running the company; technical domain expertise is the company's competitive foundation",Strong,"PLI Scheme for APIs; Make-in-India for domestic API self-sufficiency; India regaining API export market share from China for specialty categories",Strong,"Revenue Rs.323Cr in FY25 with improved EBITDA and PAT margins; adding high-yielding specialty API products to portfolio — active, profitable expansion",Fit,"40-year technical veteran with specialty API focus, growing revenue, improving margins. Company is actively upgrading product mix — a Federer in execution","Synergene grew to Rs.323 crore in FY25 by adding high-yielding specialty API products, improving both EBITDA and PAT margins simultaneously — a company that's upgrading not just growing","synergeneapi.com; tracxn.com; CRISIL/ICRA rating report"
Srini Pharmaceuticals Pvt Ltd,srinipharma.com,"Nacharam, Hyderabad","Custom Synthesis & Specialty Chemicals – Regulated API Manufacturer","Specialty APIs and intermediates with USFDA, TGA (Australia), and KFDA (Korea) regulatory approvals; manufacturing for global branded and specialty pharma",Rs.100-300Cr,Dr. T.C. Reddy,Managing Director,"PhD-level founder with 30+ year hands-on promoter track record; founded 1995",Strong,"Manufacturing in Hyderabad; three international regulatory approvals (USFDA, TGA, KFDA) — only possible with verified in-house GMP manufacturing",Strong,"HQ and manufacturing in Hyderabad, Telangana",Strong,"Simultaneously holds USFDA + TGA + KFDA approvals — a rare trifecta for an Indian MSME; signals genuine quality investment and differentiation from commodity manufacturers",Strong,"Dr. T.C. Reddy is a doctoral-level founder who has run the company for 30+ years; technical culture is embedded in operations",Strong,"Regulated pharma export market growing; Make-in-India for APIs; China+1 for USFDA-approved API suppliers is a key tailwind; India's pharma export ambition",Strong,"Revenue ~Rs.166Cr in FY24; 30-year operation; maintaining 3 international regulatory approvals requires active ongoing investment — continuous growth signal",Fit,"30-year promoter-run with rare triple regulatory certification (USFDA/TGA/KFDA). Sustained investment in quality over 3 decades is a strong Federer signal","Srini Pharmaceuticals holds USFDA, TGA (Australia), and KFDA (Korea) approvals simultaneously — a regulatory trifecta almost unheard of at this revenue scale, and a direct signal of quality infrastructure investments","srinipharma.com; tracxn.com"
Erythro Pharma Pvt Ltd,erythropharma.com,"IDA Bollaram & Gaddapotharam, Hyderabad","Custom Synthesis & Specialty Chemicals – Chiral Synthesis","Chiral APIs with high enantiomeric purity, boronic acid/ester derivatives, carbohydrate chemistry intermediates, peptide synthesis building blocks, reference compounds for pharma R&D",Rs.30-100Cr,Dr. Rajagopala Reddy Duvvuru,Founder & Chief R&D Officer,"PhD medicinal chemist; founded 1991; 34 years in medicinal chemistry and API manufacturing",Strong,"Manufacturing at Bollaram and Gaddapotharam, Hyderabad; established 1991 — 34 years of continuous manufacturing operations",Strong,"Manufacturing in Hyderabad, Telangana",Strong,"Chiral synthesis with high enantiomeric purity — highly specialized; boronic acids and carbohydrate intermediates are premium chemistries now in demand for new oncology drugs",Strong,"Dr. Rajagopala Reddy is a PhD medicinal chemist who founded the company and serves as Chief R&D Officer — technical leadership is the company's identity",Strong,"Chiral APIs are in high demand as newer cancer and CNS drugs require single-enantiomer specificity; global pharma outsourcing to India growing",Moderate,"Revenue ~Rs.40Cr (FY25) — below ideal but steady growth; 34-year operational track record; website active; hiring evident",Borderline,"PhD-led specialty chemistry company with rare chiral synthesis and boronic acid capabilities. Revenue smaller than ideal but technical depth is genuine and in-demand","Erythro Pharma has been building chiral synthesis expertise since 1991 — making it one of India's oldest specialists in high-purity enantiomeric manufacturing, a capability now critical for next-generation cancer drugs","erythropharma.com; MCA filings via zaubacorp.com"
Huwel Lifesciences Pvt Ltd,huwellife.com,"Medical Devices Park, Sultanpur, Hyderabad","Specialty Diagnostics – Molecular Diagnostics Manufacturer","In-house manufactured RT-PCR kits (TB, COVID-19, infectious diseases), proprietary enzymes (Mut RT, T7 RNA polymerase, Hot Start Taq), UniAmp NAT devices, oligonucleotides, nucleic acid extraction kits",Rs.30-100Cr (estimated),Dr. Rachana Tripathi,Founder & CEO,"PhD-level molecular biologist; founded 2015; rare female technical founder in diagnostics; built in-house enzyme manufacturing capability",Strong,"ISO 13485:2016 and ISO 9001:2015 certified manufacturing facility at Medical Devices Park, Sultanpur, Hyderabad; manufactures its own enzymes in-house — not mere kit assembly",Strong,"Manufacturing at Medical Devices Park, Sultanpur, Hyderabad, Telangana",Strong,"Manufactures Mut RT, T7 RNA Polymerase, Hot Start Taq in-house — most Indian diagnostics companies source enzymes from overseas; CE and FDA compliance; proprietary UniAmp NAT platform",Strong,"Dr. Rachana Tripathi is a PhD molecular biologist founding and running the company; vertical enzyme integration is a rare technical capability for an Indian diagnostics company",Strong,"India's diagnostics manufacturing growing post-COVID; government push for Make-in-India for medical devices; global export opportunity for molecular diagnostic kits",Moderate,"Revenue ~Rs.22Cr (FY25) — small but company is only 10 years old. Website active; Medical Devices Park infrastructure enables scale. Active product launches",Borderline,"PhD technical founder with rare in-house enzyme manufacturing capability. Revenue below threshold but technical depth is genuine. Early-stage Federer — worth watching","Huwel Lifesciences manufactures its own RT-PCR enzymes in-house, including Mut RT and T7 RNA Polymerase — most Indian diagnostics companies import these from the US or Europe at 5-10x the cost","huwellife.com; expresshealthcare.in; tracxn.com; mdpassociationtelangana.org"
Chembricks Laboratories Pvt Ltd,chembrickslabs.com,"Nacharam, Hyderabad","Custom Synthesis & Specialty Chemicals – Heterocyclic Chemistry","Custom synthesis of heterocyclic compounds, natural products, API intermediates; multi-step synthesis from mg to kg scale; serves global pharma and biotech via Fee-For-Service and FTE models",Unknown (early-stage/SME),Raghava Rao Gundapuneni & Ramani Malkannagari,Co-Founders & Directors,"Pharma R&D research backgrounds; founded 2019 with rapid US market expansion (Houston office)",Strong,"Manufacturing in Nacharam, Hyderabad; synthesis capabilities from mg to kg scale; US office in Houston for client relationships",Strong,"Registered and manufacturing in Hyderabad, Telangana",Moderate,"Specializes in heterocyclic chemistry and natural product synthesis — niche organic chemistry; serves global pharma and biotech; mg-to-kg flexibility suggests active commercial operations",Moderate,"Founders have pharma R&D backgrounds per company website; US market penetration within 5 years of founding indicates technical credibility with global clients",Strong,"Global pharma outsourcing to India accelerating; heterocyclic chemistry is core to 80%+ of modern drugs; China+1 shifts CDMO work to India",Moderate,"Founded 2019; revenue data not publicly available; US office established in Houston showing rapid international client acquisition; website active",Borderline,"Young specialty CDMO with heterocyclic chemistry focus and US market penetration within 5 years. Revenue unknown but technical focus and international traction visible","Chembricks established a US office in Houston within 5 years of founding — indicating rapid adoption by American pharma companies seeking Indian custom synthesis alternatives to Chinese suppliers","chembrickslabs.com; zaubacorp.com"
Vishnupriya Chemicals Pvt Ltd,vishnupriya.in,"Hyderabad, Telangana","Performance Chemicals – Specialty & Inorganic Chemicals","Inorganic specialty chemicals, water treatment chemicals, catalyst chemicals, specialty surfactants; ISO-certified manufacturer",Unknown,Management team,Directors,Engineering and chemistry background based on product profile,Moderate,"ISO-certified manufacturer; manufacturing in Hyderabad; in-house specialty chemical production",Strong,"Based in Hyderabad, Telangana",Moderate,"Specialty inorganic chemicals and water treatment chemicals — niche but less technically differentiated than organometallics or biologics",Moderate,"Limited specific founder/DM information available publicly. Management appears technical based on product range",Moderate,"Water treatment and specialty chemicals are growing segments; environmental regulations driving demand; industrial sector growth",Moderate,"Established company; ISO-certified; website active; specific growth signals not confirmed from public research",Borderline,"ISO-certified specialty chemicals manufacturer. Limited public information on founder profile and growth signals. Included as borderline.","Vishnupriya Chemicals is ISO-certified and serves the water treatment and catalyst specialty chemicals market — segments growing rapidly with India's industrial capacity expansion","vishnupriya.in"
Srini Chem,srinichem.com,"Isnapur/Patancheru, Hyderabad","Custom Synthesis & Specialty Chemicals – Oncology Intermediates","Fine chemicals and specialty chemicals for oncology drug intermediates, anti-cancer drug APIs; CDMO services from lab to pilot scale",Unknown (early-stage),Karike Srinivas,Founder,"First-generation entrepreneur with 10+ years pharma R&D experience at Aurigene Discovery Technologies and Sail Life Sciences; founded 2015",Strong,"Manufacturing at Isnapur/Patancheru, Hyderabad; lab to pilot scale synthesis; CDMO for small molecule NCE programs",Strong,"Hyderabad, Telangana",Strong,"Specializes in oncology drug intermediates — one of the most technically demanding segments in chemistry; serves research-stage CROs and pharma for NCE programs",Strong,"Karike Srinivas is a first-generation entrepreneur with pharma R&D background at Aurigene (AstraZeneca subsidiary) — technical credibility verified",Strong,"Global oncology drug development pipeline is one of the most active segments; India CDMO for complex chemistry growing rapidly; China+1 in specialized synthesis",Moderate,"Founded 2015; revenue data limited in public domain but serving oncology NCE programs suggests active commercial relationships. Website active.",Borderline,"First-generation entrepreneur with pharma R&D background building an oncology-focused specialty CDMO. Revenue unconfirmed but technical profile is strong.","Karike Srinivas built Srini Chem after working at Aurigene Discovery Technologies (AstraZeneca's R&D arm) — he is applying drug discovery lab expertise directly to commercial oncology intermediate manufacturing","srinichem.com; indiamart.com"
Neo Fine Chemical Industries,neofinechem.com,"Hyderabad, Telangana","Performance Chemicals – Phosphorus Chemistry & Polymers","Phosphorus derivatives, polymerization catalysts, specialty polymers; established 1984 — 40 years of operations",Unknown,Management team,Directors,Chemical engineering background; 40+ year operation signals deep technical knowledge,Strong,"Manufacturing in Hyderabad; 40-year operation; specialty phosphorus chemistry and polymer catalysts — capital-intensive, technically demanding",Strong,"Hyderabad, Telangana",Moderate,"Phosphorus derivatives and polymerization catalysts — specialty inorganic/organometallic chemistry; 40-year operational history signals differentiation",Moderate,"40+ year track record implies deep domain expertise, but specific founder credentials not confirmed from public sources",Moderate,"Specialty chemicals for polymers and coatings growing; EV and electronics sectors driving polymerization catalyst demand",Moderate,"40-year track record indicates operational stability; website active; specific recent growth signals not confirmed",Borderline,"40-year specialist in phosphorus chemistry and polymerization catalysts — a niche that's becoming more important with polymer and EV sector growth. Limited public data.","Neo Fine Chemical Industries has specialized in phosphorus derivatives and polymerization catalysts since 1984 — 40 years of focus on a chemistry niche that most Indian manufacturers still import from overseas","neofinechem.com"
Lextro Bio Solutions Pvt Ltd,lextrobio.com,"Genome Valley, Hyderabad","Specialty Biotech – Recombinant Proteins","Recombinant protein expression (bacterial and mammalian systems), upstream and downstream process development; research-grade and clinical-grade protein production",Unknown,Not publicly confirmed,Director,Biotech domain background based on service profile,Strong,"Located in Genome Valley, Hyderabad; dedicated recombinant protein CDMO with mammalian expression capability",Strong,"Genome Valley, Hyderabad, Telangana",Strong,"Mammalian expression system for recombinant proteins — high-barrier capability; serves research and clinical-grade requirements; Genome Valley location signals serious infrastructure",Moderate,"Leadership not confirmed from public sources; included based on technical service profile and Genome Valley location",Strong,"India biologics CDMO market growing; global demand for recombinant proteins for therapeutics and diagnostics; Genome Valley ecosystem provides infrastructure advantage",Moderate,"Service profile active on website; Genome Valley location suggests operational status; specific revenue and growth signals limited",Borderline,"Rare recombinant protein CDMO capability in Genome Valley. Leadership not fully verified from public sources — included cautiously as borderline.","Lextro Bio Solutions operates one of Genome Valley's few standalone recombinant protein CDMOs with mammalian expression capability — a rarity in India outside of large pharma companies","lextrobio.com; Genome Valley directories"
Yapan Bio Pvt Ltd,yapanbio.com,"Genome Valley, Hyderabad","Specialty Biotech – Biologics CDMO","Recombinant vaccine development and manufacturing, viral vector vaccines, gene therapy vectors, monoclonal antibody process development; BSL-2+ containment facilities",Rs.30-100Cr,Atin Tomar & Nirav Desai,Co-Founders,"45+ combined years in global biologics industry; vaccine and bio-therapeutics manufacturing expertise; founded 2019",Strong,"Genome Valley CDMO facility with BSL-2+ containment; $8M expansion in 2022 for RNA, DNA, gene therapy labs; specialized biologics manufacturing infrastructure",Strong,"Genome Valley, Hyderabad, Telangana",Strong,"BSL-2+ containment for viral vectors; gene therapy and RNA/DNA production — frontier biologics capabilities in India; Piramal strategic partner validates technical credibility",Strong,"Both co-founders have 45+ combined years in global biologics industry; deep technical expertise in complex biologics manufacturing",Strong,"mRNA vaccines, gene therapies, viral vectors are the fastest-growing biologics segments globally; India positioning as biologics manufacturing hub; Piramal partnership validates demand",Moderate,"Revenue Rs.55.8Cr (FY25) — growing rapidly from Rs.12.4Cr (FY21); Piramal holds 27.78% strategic minority stake (not PE-majority); $8M expansion completed; pipeline building",Borderline,"Strong technical co-founders building a genuinely rare biologics CDMO. Revenue is growing fast. Piramal minority stake is strategic not PE-control — founders retain majority.","Yapan Bio built an $8 million RNA/DNA/gene therapy production facility at Genome Valley in 2022 — one of only a handful of Indian CDMOs capable of viral vector and mRNA manufacturing at this scale","yapanbio.com; prnewswire.com; piramal.com; tracxn.com"
Sai Fine Chemicals (SAI Group),saifinechem.com,"Hyderabad / Medak area","Custom Synthesis & Specialty Chemicals – Fine Chemicals","Fine chemicals and organic intermediates for pharmaceutical R&D and commercial synthesis; building blocks and advanced intermediates for global pharma and biotech customers",Unknown,SAI Group founders,Managing Directors,Multi-decade pharma chemicals background,Moderate,"Manufacturing in Hyderabad; established pharma fine chemicals operation; lab to commercial capacity",Strong,"India-based, manufacturing in Telangana",Moderate,"Fine chemicals for pharma — standard but established segment; less technical differentiation vs. organometallics or chiral chemistry",Moderate,"Management with chemistry background but specific founder credentials not fully confirmed in public sources",Strong,"Fine chemicals for pharma is growing; India gaining market share from China in pharma intermediates",Moderate,"Long-established company; website active; consistent pharma sector presence",Borderline,"Established fine chemicals supplier with pharma customer base. Lower technical differentiation than top companies. Borderline Federer.","Sai Fine Chemicals supplies building blocks and intermediates to global pharma R&D labs — a market that has grown significantly as companies diversify supply chains away from China under China+1 strategies","saifinechem.com"
Sawin Biomedicals Pvt Ltd (DISQUALIFIED — for transparency),sawinbio.com,"Medical Devices Park, Sultanpur, Hyderabad","Specialty Diagnostics","Biochemistry analyzers, hematology analyzers, clinical chemistry reagents",DISQUALIFIED,Kiran Kumar Kolli,Founder & MD,Engineering background,"DISQUALIFY — Founded Jan 2023","Only 2-3 years old; no meaningful revenue track record; auto-disqualified",DISQUALIFY,,DISQUALIFY,,DISQUALIFY,,DISQUALIFY,,DISQUALIFY,,DISQUALIFY,,DISQUALIFIED,"Founded January 2023 — less than 2 years operational. No revenue track record. Auto-disqualified.","N/A","sawinbio.com"
Pariksha Biotech Pvt Ltd (DISQUALIFIED),parikshabio.com,"Hyderabad, Telangana","Specialty Diagnostics – IVD","Clinical chemistry reagents, rapid tests, ELISA kits (brand: High-Q)",DISQUALIFIED – Rs.9.5Cr,Raghavendra Sunku,Director,Not confirmed as technical/PhD background,"DISQUALIFY — Revenue only Rs.9.5Cr (FY23)","Revenue below Rs.30Cr threshold",DISQUALIFY,,DISQUALIFY,,DISQUALIFY,,DISQUALIFY,,DISQUALIFY,,DISQUALIFY,,DISQUALIFIED,"Revenue Rs.9.5Cr — too small to meet Federer revenue criteria. Auto-disqualified.","N/A","parikshabio.com; tracxn.com"
Suven Pharmaceuticals Ltd (DISQUALIFIED),suvenpharm.com,Hyderabad,"Custom Synthesis – CDMO","Complex intermediates and APIs for innovator pharma (NCEs)",DISQUALIFIED – PE-controlled,Venkateswarlu Jasti (founder diluted),"Founder (historical — no longer controlling)","Founded by engineer-entrepreneur; PE now controls","DISQUALIFY — PE-controlled: Advent International 50.1% majority (Dec 2022)","Auto-disqualified: majority institutional ownership, not promoter-driven",DISQUALIFY,,DISQUALIFY,,DISQUALIFY,,DISQUALIFY,,DISQUALIFY,,DISQUALIFY,,DISQUALIFIED,"Advent International acquired 50.1% majority stake in December 2022 — auto-disqualified as PE-controlled, not promoter-driven","N/A","livemint.com; crisil.com; suvenpharm.com"
Novopor Advanced Science Pvt Ltd (DISQUALIFIED),novopor.com,Hyderabad (innovation centre; plants in Gujarat & AP),"Performance Chemicals","Polymer additives, surfactants, electronic chemicals, CASE chemicals, agrochemical intermediates",DISQUALIFIED – PE-controlled,Radhesh Welling,MD (PE-appointed),"Not original technical founder","DISQUALIFY — Bain Capital PE acquisition June 2023","Majority PE ownership — auto-disqualified",DISQUALIFY,,DISQUALIFY,,DISQUALIFY,,DISQUALIFY,,DISQUALIFY,,DISQUALIFY,,DISQUALIFIED,"Bain Capital acquired majority stake June 2023 — auto-disqualified as PE-controlled","N/A","novopor.com; livemint.com"
Lazuline Biotech Pvt Ltd (DISQUALIFIED),lazulinebio.com,"TSIIC Biotech Park, Karakapatla, Hyderabad","Specialty Biotech","rHSA (Recombinant Human Serum Albumin); biosimilar proteins; industrial enzymes",DISQUALIFIED – Financial distress,Kumar Venkata Naga Prasad Kandimalla,MD,Technical biotech background,DISQUALIFY,"NCLT proceedings; bank auction notices; Revenue Rs.10.4Cr (FY23); CRISIL 'Issuer Not Cooperating'",DISQUALIFY,,DISQUALIFY,,DISQUALIFY,,DISQUALIFY,,DISQUALIFY,,DISQUALIFY,,DISQUALIFIED,"NCLT legal proceedings and creditor issues detected. Revenue too small. Auto-disqualified — financial distress is a clear red flag","N/A","crisilratings.com; nclt.gov.in; tracxn.com; canarabank.bank.in"
Clonz Biotech Pvt Ltd (DISQUALIFIED),clonzbio.com,"Genome Valley, Hyderabad","Specialty Biotech","Biosimilar monoclonal antibodies development and contract manufacturing",DISQUALIFIED – Pre-commercial,Narasimha Rao Nedunuri,MD & CEO,Technical biotech background,DISQUALIFY,"Revenue only Rs.24.4 lakh (FY25) — far below Federer threshold; company is pre-commercial",DISQUALIFY,,DISQUALIFY,,DISQUALIFY,,DISQUALIFY,,DISQUALIFY,,DISQUALIFY,,DISQUALIFIED,"Revenue under Rs.1Cr — pre-commercial stage. Auto-disqualified","N/A","clonzbio.com; tofler.in; tracxn.com"
VGS Synthesis Pvt Ltd (DISQUALIFIED),vgssynthesis.com,"ALEAP Industrial Estate, Hyderabad","Custom Synthesis – Fine Chemicals","Fine chemicals and specialty intermediates for pharma",DISQUALIFIED – Rs.11.2Cr,Gopalachowdary Veera Venkata Uppuluri,Founder & Director,Chemistry background,DISQUALIFY,"Revenue Rs.11.2Cr (FY25) — below Rs.30Cr threshold",DISQUALIFY,,DISQUALIFY,,DISQUALIFY,,DISQUALIFY,,DISQUALIFY,,DISQUALIFY,,DISQUALIFIED,"Revenue too small. Auto-disqualified","N/A","vgssynthesis.com; tracxn.com"
Sris Synthesis Pvt Ltd (DISQUALIFIED),srissynthesis.com,"Gajularamaram, Hyderabad","Custom Synthesis – Fine Chemicals","Fine chemicals and specialty intermediates; organic synthesis",DISQUALIFIED – Rs.14.2Cr,Bezagam Rama Chari,MD,Chemistry background,DISQUALIFY,"Revenue Rs.14.2Cr (FY25) — below threshold",DISQUALIFY,,DISQUALIFY,,DISQUALIFY,,DISQUALIFY,,DISQUALIFY,,DISQUALIFY,,DISQUALIFIED,"Revenue too small. Auto-disqualified","N/A","srissynthesis.com; tracxn.com"
Huwel Lifesciences Pvt Ltd (see Row 9 — duplicate removed),,,,,,,,,,,,,,,,,,,,,,,,,,,
